hand,action
AA,3betV
AKs,3betV
AQs,call
AJs,call
ATs,3betB
A9s,fold
A8s,fold
A7s,fold
A6s,fold
A5s,3betB
A4s,fold
A3s,fold
A2s,fold
AKo,3betV
KK,3betV
KQs,call
KJs,3betB
KTs,fold
K9s,fold
K8s,fold
K7s,fold
K6s,fold
K5s,fold
K4s,fold
K3s,fold
K2s,fold
AQo,3betB
KQo,fold
QQ,3betV
QJs,call
QTs,fold
Q9s,fold
Q8s,fold
Q7s,fold
Q6s,fold
Q5s,fold
Q4s,fold
Q3s,fold
Q2s,fold
AJo,fold
KJo,fold
QJo,fold
JJ,call
JTs,call
J9s,fold
J8s,fold
J7s,fold
J6s,fold
J5s,fold
J4s,fold
J3s,fold
J2s,fold
ATo,fold
KTo,fold
QTo,fold
JTo,fold
TT,call
T9s,call
T8s,fold
T7s,fold
T6s,fold
T5s,fold
T4s,fold
T3s,fold
T2s,fold
A9o,fold
K9o,fold
Q9o,fold
J9o,fold
T9o,fold
99,call
98s,3betB
97s,fold
96s,fold
95s,fold
94s,fold
93s,fold
92s,fold
A8o,fold
K8o,fold
Q8o,fold
J8o,fold
T8o,fold
98o,fold
88,call
87s,3betB
86s,fold
85s,fold
84s,fold
83s,fold
82s,fold
A7o,fold
K7o,fold
Q7o,fold
J7o,fold
T7o,fold
97o,fold
87o,fold
77,call
76s,fold
75s,fold
74s,fold
73s,fold
72s,fold
A6o,fold
K6o,fold
Q6o,fold
J6o,fold
T6o,fold
96o,fold
86o,fold
76o,fold
66,call
65s,fold
64s,fold
63s,fold
62s,fold
A5o,fold
K5o,fold
Q5o,fold
J5o,fold
T5o,fold
95o,fold
85o,fold
75o,fold
65o,fold
55,fold
54s,fold
53s,fold
52s,fold
A4o,fold
K4o,fold
Q4o,fold
J4o,fold
T4o,fold
94o,fold
84o,fold
74o,fold
64o,fold
54o,fold
44,fold
43s,fold
42s,fold
A3o,fold
K3o,fold
Q3o,fold
J3o,fold
T3o,fold
93o,fold
83o,fold
73o,fold
63o,fold
53o,fold
43o,fold
33,fold
32s,fold
A2o,fold
K2o,fold
Q2o,fold
J2o,fold
T2o,fold
92o,fold
82o,fold
72o,fold
62o,fold
52o,fold
42o,fold
32o,fold
22,fold
size,3